countryterritoryCode,continentExp,countriesAndTerritories,dateRep,total_cases,cases,new_cases_smoothed,total_deaths,deaths,new_deaths_smoothed,total_cases_per_million,new_cases_per_million,new_cases_smoothed_per_million,total_deaths_per_million,new_deaths_per_million,new_deaths_smoothed_per_million,reproduction_rate,icu_patients,icu_patients_per_million,hosp_patients,hosp_patients_per_million,weekly_icu_admissions,weekly_icu_admissions_per_million,weekly_hosp_admissions,weekly_hosp_admissions_per_million,new_tests,total_tests,total_tests_per_thousand,new_tests_per_thousand,new_tests_smoothed,new_tests_smoothed_per_thousand,positive_rate,tests_per_case,tests_units,total_vaccinations,people_vaccinated,people_fully_vaccinated,new_vaccinations,new_vaccinations_smoothed,total_vaccinations_per_hundred,people_vaccinated_per_hundred,people_fully_vaccinated_per_hundred,new_vaccinations_smoothed_per_million,stringency_index,popData2019,population_density,median_age,aged_65_older,aged_70_older,gdp_per_capita,extreme_poverty,cardiovasc_death_rate,diabetes_prevalence,female_smokers,male_smokers,handwashing_facilities,hospital_beds_per_thousand,life_expectancy,human_development_index,excess_mortality
VNM,Asia,Vietnam,2021-01-01,1474,9,5,35,0,0,15,0,0,0,0,0,1,,,,,,,,,,,,,,,,,,,,,,,,,,,55,97338583,308,33,7,5,6172,2,245,6,1,46,86,3,75,1,
VNM,Asia,Vietnam,2021-01-02,1482,8,6,35,0,0,15,0,0,0,0,0,1,,,,,,,,,,,,,,,,,,,,,,,,,,,55,97338583,308,33,7,5,6172,2,245,6,1,46,86,3,75,1,
VNM,Asia,Vietnam,2021-01-03,1494,12,8,35,0,0,15,0,0,0,0,0,1,,,,,,,,,,,,,,,,,,,,,,,,,,,55,97338583,308,33,7,5,6172,2,245,6,1,46,86,3,75,1,
VNM,Asia,Vietnam,2021-01-04,1497,3,7,35,0,0,15,0,0,0,0,0,1,,,,,,,,,,,,,,,,,,,,,,,,,,,55,97338583,308,33,7,5,6172,2,245,6,1,46,86,3,75,1,
VNM,Asia,Vietnam,2021-01-05,1504,7,7,35,0,0,15,0,0,0,0,0,1,,,,,,,,,,,,,,,,,,,,,,,,,,,56,97338583,308,33,7,5,6172,2,245,6,1,46,86,3,75,1,
VNM,Asia,Vietnam,2021-01-06,1505,1,7,35,0,0,15,0,0,0,0,0,1,,,,,,,,,,,,,,,,,,,,,,,,,,,56,97338583,308,33,7,5,6172,2,245,6,1,46,86,3,75,1,
VNM,Asia,Vietnam,2021-01-07,1509,4,6,35,0,0,16,0,0,0,0,0,1,,,,,,,,,,,,,,,,,,,,,,,,,,,56,97338583,308,33,7,5,6172,2,245,6,1,46,86,3,75,1,
VNM,Asia,Vietnam,2021-01-08,1512,3,5,35,0,0,16,0,0,0,0,0,1,,,,,,,,,,,,,,,,,,,,,,,,,,,56,97338583,308,33,7,5,6172,2,245,6,1,46,86,3,75,1,
VNM,Asia,Vietnam,2021-01-09,1513,1,4,35,0,0,16,0,0,0,0,0,1,,,,,,,,,,,,,,,,,,,,,,,,,,,56,97338583,308,33,7,5,6172,2,245,6,1,46,86,3,75,1,
VNM,Asia,Vietnam,2021-01-10,1514,1,3,35,0,0,16,0,0,0,0,0,1,,,,,,,,,,,,,,,,,,,,,,,,,,,56,97338583,308,33,7,5,6172,2,245,6,1,46,86,3,75,1,
VNM,Asia,Vietnam,2021-01-11,1515,1,3,35,0,0,16,0,0,0,0,0,1,,,,,,,,,,,,,,,,,,,,,,,,,,,56,97338583,308,33,7,5,6172,2,245,6,1,46,86,3,75,1,
VNM,Asia,Vietnam,2021-01-12,1520,5,2,35,0,0,16,0,0,0,0,0,1,,,,,,,,,,,,,,,,,,,,,,,,,,,56,97338583,308,33,7,5,6172,2,245,6,1,46,86,3,75,1,
VNM,Asia,Vietnam,2021-01-13,1521,1,2,35,0,0,16,0,0,0,0,0,1,,,,,,,,,,,,,,,,,,,,,,,,,,,56,97338583,308,33,7,5,6172,2,245,6,1,46,86,3,75,1,
VNM,Asia,Vietnam,2021-01-14,1531,10,3,35,0,0,16,0,0,0,0,0,1,,,,,,,,,,,,,,,,,,,,,,,,,,,56,97338583,308,33,7,5,6172,2,245,6,1,46,86,3,75,1,
VNM,Asia,Vietnam,2021-01-15,1536,5,3,35,0,0,16,0,0,0,0,0,1,,,,,,,,,,,,,,,,,,,,,,,,,,,56,97338583,308,33,7,5,6172,2,245,6,1,46,86,3,75,1,
VNM,Asia,Vietnam,2021-01-16,1537,1,3,35,0,0,16,0,0,0,0,0,1,,,,,,,,,,,,,,,,,,,,,,,,,,,56,97338583,308,33,7,5,6172,2,245,6,1,46,86,3,75,1,
VNM,Asia,Vietnam,2021-01-17,1537,0,3,35,0,0,16,0,0,0,0,0,1,,,,,,,,,,,,,,,,,,,,,,,,,,,56,97338583,308,33,7,5,6172,2,245,6,1,46,86,3,75,1,
VNM,Asia,Vietnam,2021-01-18,1539,2,3,35,0,0,16,0,0,0,0,0,1,,,,,,,,,,,,,,,,,,,,,,,,,,,56,97338583,308,33,7,5,6172,2,245,6,1,46,86,3,75,1,
VNM,Asia,Vietnam,2021-01-19,1540,1,3,35,0,0,16,0,0,0,0,0,1,,,,,,,,,,,,,,,,,,,,,,,,,,,56,97338583,308,33,7,5,6172,2,245,6,1,46,86,3,75,1,
VNM,Asia,Vietnam,2021-01-20,1544,4,3,35,0,0,16,0,0,0,0,0,1,,,,,,,,,,,,,,,,,,,,,,,,,,,56,97338583,308,33,7,5,6172,2,245,6,1,46,86,3,75,1,
VNM,Asia,Vietnam,2021-01-21,1546,2,2,35,0,0,16,0,0,0,0,0,1,,,,,,,,,,,,,,,,,,,,,,,,,,,56,97338583,308,33,7,5,6172,2,245,6,1,46,86,3,75,1,
VNM,Asia,Vietnam,2021-01-22,1548,2,2,35,0,0,16,0,0,0,0,0,1,,,,,,,,,,,,,,,,,,,,,,,,,,,56,97338583,308,33,7,5,6172,2,245,6,1,46,86,3,75,1,
VNM,Asia,Vietnam,2021-01-23,1548,0,2,35,0,0,16,0,0,0,0,0,1,,,,,,,,,,,,,,,,,,,,,,,,,,,56,97338583,308,33,7,5,6172,2,245,6,1,46,86,3,75,1,
VNM,Asia,Vietnam,2021-01-24,1548,0,2,35,0,0,16,0,0,0,0,0,1,,,,,,,,,,,,,,,,,,,,,,,,,,,56,97338583,308,33,7,5,6172,2,245,6,1,46,86,3,75,1,
VNM,Asia,Vietnam,2021-01-25,1549,1,1,35,0,0,16,0,0,0,0,0,1,,,,,,,,,,,,,,,,,,,,,,,,,,,56,97338583,308,33,7,5,6172,2,245,6,1,46,86,3,75,1,
VNM,Asia,Vietnam,2021-01-26,1551,2,2,35,0,0,16,0,0,0,0,0,1,,,,,,,,,,,,,,,,,,,,,,,,,,,68,97338583,308,33,7,5,6172,2,245,6,1,46,86,3,75,1,
VNM,Asia,Vietnam,2021-01-27,1553,2,1,35,0,0,16,0,0,0,0,0,1,,,,,,,,,,,,,,,,,,,,,,,,,,,68,97338583,308,33,7,5,6172,2,245,6,1,46,86,3,75,1,
VNM,Asia,Vietnam,2021-01-28,1651,98,15,35,0,0,17,1,0,0,0,0,1,,,,,,,,,,,,,,,,,,,,,,,,,,,68,97338583,308,33,7,5,6172,2,245,6,1,46,86,3,75,1,
VNM,Asia,Vietnam,2021-01-29,1657,6,16,35,0,0,17,0,0,0,0,0,1,,,,,,,,,,,,,,,,,,,,,,,,,,,68,97338583,308,33,7,5,6172,2,245,6,1,46,86,3,75,1,
VNM,Asia,Vietnam,2021-01-30,1767,110,31,35,0,0,18,1,0,0,0,0,1,,,,,,,,,,,,,,,,,,,,,,,,,,,68,97338583,308,33,7,5,6172,2,245,6,1,46,86,3,75,1,
VNM,Asia,Vietnam,2021-01-31,1817,50,38,35,0,0,19,1,0,0,0,0,1,,,,,,,,,,,,,,,,,,,,,,,,,,,68,97338583,308,33,7,5,6172,2,245,6,1,46,86,3,75,1,
VNM,Asia,Vietnam,2021-02-01,1850,33,43,35,0,0,19,0,0,0,0,0,1,,,,,,,,,,,,,,,,,,,,,,,,,,,68,97338583,308,33,7,5,6172,2,245,6,1,46,86,3,75,1,
VNM,Asia,Vietnam,2021-02-02,1882,32,47,35,0,0,19,0,0,0,0,0,1,,,,,,,,,,,,,,,,,,,,,,,,,,,77,97338583,308,33,7,5,6172,2,245,6,1,46,86,3,75,1,
VNM,Asia,Vietnam,2021-02-03,1948,66,56,35,0,0,20,1,1,0,0,0,1,,,,,,,,,,,,,,,,,,,,,,,,,,,77,97338583,308,33,7,5,6172,2,245,6,1,46,86,3,75,1,
VNM,Asia,Vietnam,2021-02-04,1957,9,44,35,0,0,20,0,0,0,0,0,1,,,,,,,,,,,,,,,,,,,,,,,,,,,77,97338583,308,33,7,5,6172,2,245,6,1,46,86,3,75,1,
VNM,Asia,Vietnam,2021-02-05,1976,19,46,35,0,0,20,0,0,0,0,0,1,,,,,,,,,,,,,,,,,,,,,,,,,,,77,97338583,308,33,7,5,6172,2,245,6,1,46,86,3,75,1,
VNM,Asia,Vietnam,2021-02-06,1985,9,31,35,0,0,20,0,0,0,0,0,1,,,,,,,,,,,,,,,,,,,,,,,,,,,77,97338583,308,33,7,5,6172,2,245,6,1,46,86,3,75,1,
VNM,Asia,Vietnam,2021-02-07,2001,16,26,35,0,0,21,0,0,0,0,0,1,,,,,,,,,,,,,,,,,,,,,,,,,,,77,97338583,308,33,7,5,6172,2,245,6,1,46,86,3,75,1,
VNM,Asia,Vietnam,2021-02-08,2050,49,29,35,0,0,21,1,0,0,0,0,1,,,,,,,,,,,,,,,,,,,,,,,,,,,77,97338583,308,33,7,5,6172,2,245,6,1,46,86,3,75,1,
VNM,Asia,Vietnam,2021-02-09,2064,14,26,35,0,0,21,0,0,0,0,0,1,,,,,,,,,,,,,,,,,,,,,,,,,,,77,97338583,308,33,7,5,6172,2,245,6,1,46,86,3,75,1,
VNM,Asia,Vietnam,2021-02-10,2091,27,20,35,0,0,21,0,0,0,0,0,1,,,,,,,,,,,,,,,,,,,,,,,,,,,77,97338583,308,33,7,5,6172,2,245,6,1,46,86,3,75,1,
VNM,Asia,Vietnam,2021-02-11,2140,49,26,35,0,0,22,1,0,0,0,0,1,,,,,,,,,,,,,,,,,,,,,,,,,,,77,97338583,308,33,7,5,6172,2,245,6,1,46,86,3,75,1,
VNM,Asia,Vietnam,2021-02-12,2142,2,24,35,0,0,22,0,0,0,0,0,1,,,,,,,,,,,,,,,,,,,,,,,,,,,77,97338583,308,33,7,5,6172,2,245,6,1,46,86,3,75,1,
VNM,Asia,Vietnam,2021-02-13,2195,53,30,35,0,0,23,1,0,0,0,0,1,,,,,,,,,,,,,,,,,,,,,,,,,,,77,97338583,308,33,7,5,6172,2,245,6,1,46,86,3,75,1,
VNM,Asia,Vietnam,2021-02-14,2228,33,32,35,0,0,23,0,0,0,0,0,1,,,,,,,,,,,,,,,,,,,,,,,,,,,77,97338583,308,33,7,5,6172,2,245,6,1,46,86,3,75,1,
VNM,Asia,Vietnam,2021-02-15,2269,41,31,35,0,0,23,0,0,0,0,0,1,,,,,,,,,,,,,,,,,,,,,,,,,,,77,97338583,308,33,7,5,6172,2,245,6,1,46,86,3,75,1,
VNM,Asia,Vietnam,2021-02-16,2311,42,35,35,0,0,24,0,0,0,0,0,1,,,,,,,,,,,,,,,,,,,,,,,,,,,65,97338583,308,33,7,5,6172,2,245,6,1,46,86,3,75,1,
VNM,Asia,Vietnam,2021-02-17,2329,18,34,35,0,0,24,0,0,0,0,0,1,,,,,,,,,,,,,,,,,,,,,,,,,,,65,97338583,308,33,7,5,6172,2,245,6,1,46,86,3,75,1,
VNM,Asia,Vietnam,2021-02-18,2347,18,30,35,0,0,24,0,0,0,0,0,1,,,,,,,,,,,,,,,,,,,,,,,,,,,65,97338583,308,33,7,5,6172,2,245,6,1,46,86,3,75,1,
VNM,Asia,Vietnam,2021-02-19,2362,15,31,35,0,0,24,0,0,0,0,0,1,,,,,,,,,,,,,,,,,,,,,,,,,,,65,97338583,308,33,7,5,6172,2,245,6,1,46,86,3,75,1,
VNM,Asia,Vietnam,2021-02-20,2368,6,25,35,0,0,24,0,0,0,0,0,1,,,,,,,,,,,,,,,,,,,,,,,,,,,65,97338583,308,33,7,5,6172,2,245,6,1,46,86,3,75,1,
VNM,Asia,Vietnam,2021-02-21,2383,15,22,35,0,0,24,0,0,0,0,0,1,,,,,,,,,,,,,,,,,,,,,,,,,,,65,97338583,308,33,7,5,6172,2,245,6,1,46,86,3,75,1,
VNM,Asia,Vietnam,2021-02-22,2392,9,18,35,0,0,25,0,0,0,0,0,1,,,,,,,,,,,,,,,,,,,,,,,,,,,65,97338583,308,33,7,5,6172,2,245,6,1,46,86,3,75,1,
VNM,Asia,Vietnam,2021-02-23,2403,11,13,35,0,0,25,0,0,0,0,0,1,,,,,,,,,,,,,,,,,,,,,,,,,,,65,97338583,308,33,7,5,6172,2,245,6,1,46,86,3,75,1,
VNM,Asia,Vietnam,2021-02-24,2412,9,12,35,0,0,25,0,0,0,0,0,1,,,,,,,,,,,,,,,,,,,,,,,,,,,65,97338583,308,33,7,5,6172,2,245,6,1,46,86,3,75,1,
VNM,Asia,Vietnam,2021-02-25,2421,9,11,35,0,0,25,0,0,0,0,0,1,,,,,,,,,,,,,,,,,,,,,,,,,,,65,97338583,308,33,7,5,6172,2,245,6,1,46,86,3,75,1,
VNM,Asia,Vietnam,2021-02-26,2426,5,9,35,0,0,25,0,0,0,0,0,1,,,,,,,,,,,,,,,,,,,,,,,,,,,65,97338583,308,33,7,5,6172,2,245,6,1,46,86,3,75,1,
VNM,Asia,Vietnam,2021-02-27,2432,6,9,35,0,0,25,0,0,0,0,0,1,,,,,,,,,,,,,,,,,,,,,,,,,,,65,97338583,308,33,7,5,6172,2,245,6,1,46,86,3,75,1,
VNM,Asia,Vietnam,2021-02-28,2448,16,9,35,0,0,25,0,0,0,0,0,1,,,,,,,,,,,,,,,,,,,,,,,,,,,65,97338583,308,33,7,5,6172,2,245,6,1,46,86,3,75,1,
VNM,Asia,Vietnam,2021-03-01,2448,0,8,35,0,0,25,0,0,0,0,0,1,,,,,,,,,,,,,,,,,,,,,,,,,,,65,97338583,308,33,7,5,6172,2,245,6,1,46,86,3,75,1,
VNM,Asia,Vietnam,2021-03-02,2475,27,10,35,0,0,25,0,0,0,0,0,1,,,,,,,,,,,,,,,,,,,,,,,,,,,63,97338583,308,33,7,5,6172,2,245,6,1,46,86,3,75,1,
VNM,Asia,Vietnam,2021-03-03,2482,7,10,35,0,0,25,0,0,0,0,0,1,,,,,,,,,,,,,,,,,,,,,,,,,,,63,97338583,308,33,7,5,6172,2,245,6,1,46,86,3,75,1,
VNM,Asia,Vietnam,2021-03-04,2488,6,10,35,0,0,26,0,0,0,0,0,1,,,,,,,,,,,,,,,,,,,,,,,,,,,63,97338583,308,33,7,5,6172,2,245,6,1,46,86,3,75,1,
VNM,Asia,Vietnam,2021-03-05,2494,6,10,35,0,0,26,0,0,0,0,0,1,,,,,,,,,,,,,,,,,,,,,,,,,,,63,97338583,308,33,7,5,6172,2,245,6,1,46,86,3,75,1,
VNM,Asia,Vietnam,2021-03-06,2501,7,10,35,0,0,26,0,0,0,0,0,1,,,,,,,,,,,,,,,,,,,,,,,,,,,63,97338583,308,33,7,5,6172,2,245,6,1,46,86,3,75,1,
VNM,Asia,Vietnam,2021-03-07,2512,11,9,35,0,0,26,0,0,0,0,0,1,,,,,,,,,,,,,,,,,,0,0,,,,0,0,,,63,97338583,308,33,7,5,6172,2,245,6,1,46,86,3,75,1,
VNM,Asia,Vietnam,2021-03-08,2524,12,11,35,0,0,26,0,0,0,0,0,1,,,,,,,,,,,,,,,,,,377,377,,377,377,0,0,,4,63,97338583,308,33,7,5,6172,2,245,6,1,46,86,3,75,1,
VNM,Asia,Vietnam,2021-03-09,2526,2,7,35,0,0,26,0,0,0,0,0,1,,,,,,,,,,,,,,,,,,522,522,,145,261,0,0,,3,63,97338583,308,33,7,5,6172,2,245,6,1,46,86,3,75,1,
VNM,Asia,Vietnam,2021-03-10,2529,3,7,35,0,0,26,0,0,0,0,0,1,,,,,,,,,,,,,,,,,,955,955,,433,318,0,0,,3,63,97338583,308,33,7,5,6172,2,245,6,1,46,86,3,75,1,
VNM,Asia,Vietnam,2021-03-11,2533,4,6,35,0,0,26,0,0,0,0,0,1,,,,,,,,,,,,,,,,,,1585,1585,,630,396,0,0,,4,63,97338583,308,33,7,5,6172,2,245,6,1,46,86,3,75,1,
VNM,Asia,Vietnam,2021-03-12,2550,17,8,35,0,0,26,0,0,0,0,0,1,,,,,,,,,,,,,,,,,,5248,5248,,3663,1050,0,0,,11,63,97338583,308,33,7,5,6172,2,245,6,1,46,86,3,75,1,
VNM,Asia,Vietnam,2021-03-13,2553,3,7,35,0,0,26,0,0,0,0,0,1,,,,,,,,,,,,,,,,,,10041,10041,,4793,1674,0,0,,17,63,97338583,308,33,7,5,6172,2,245,6,1,46,86,3,75,1,
VNM,Asia,Vietnam,2021-03-14,2554,1,6,35,0,0,26,0,0,0,0,0,1,,,,,,,,,,,,,,,,,,11605,11605,,1564,1658,0,0,,17,63,97338583,308,33,7,5,6172,2,245,6,1,46,86,3,75,1,
VNM,Asia,Vietnam,2021-03-15,2557,3,5,35,0,0,26,0,0,0,0,0,1,,,,,,,,,,2482302,26,,,,,,samples tested,15865,15865,,4260,2213,0,0,,23,63,97338583,308,33,7,5,6172,2,245,6,1,46,86,3,75,1,
VNM,Asia,Vietnam,2021-03-16,2560,3,5,35,0,0,26,0,0,0,0,0,1,,,,,,,,,,,,,,,,,,20695,20695,,4830,2882,0,0,,30,63,97338583,308,33,7,5,6172,2,245,6,1,46,86,3,75,1,
VNM,Asia,Vietnam,2021-03-17,2567,7,5,35,0,0,26,0,0,0,0,0,1,,,,,,,,,,,,,,,,,,24054,24054,,3359,3300,0,0,,34,63,97338583,308,33,7,5,6172,2,245,6,1,46,86,3,75,1,
VNM,Asia,Vietnam,2021-03-18,2570,3,5,35,0,0,26,0,0,0,0,0,1,,,,,,,,,,,,,,,,,,27546,27546,,3492,3709,0,0,,38,63,97338583,308,33,7,5,6172,2,245,6,1,46,86,3,75,1,
VNM,Asia,Vietnam,2021-03-19,2571,1,3,35,0,0,26,0,0,0,0,0,1,,,,,,,,,,,,,,,,,,30971,30971,,3425,3675,0,0,,38,63,97338583,308,33,7,5,6172,2,245,6,1,46,86,3,75,1,
VNM,Asia,Vietnam,2021-03-20,2572,1,3,35,0,0,26,0,0,0,0,0,1,,,,,,,,,,,,,,,,,,32361,32361,,1390,3189,0,0,,33,63,97338583,308,33,7,5,6172,2,245,6,1,46,86,3,75,1,
VNM,Asia,Vietnam,2021-03-21,2572,0,3,35,0,0,26,0,0,0,0,0,1,,,,,,,,,,,,,,,,,,33891,33891,,1530,3184,0,0,,33,63,97338583,308,33,7,5,6172,2,245,6,1,46,86,3,75,1,
VNM,Asia,Vietnam,2021-03-22,2575,3,3,35,0,0,26,0,0,0,0,0,1,,,,,,,,,,,,,,,,,,36082,36082,,2191,2888,0,0,,30,63,97338583,308,33,7,5,6172,2,245,6,1,46,86,3,75,1,
VNM,Asia,Vietnam,2021-03-23,2575,0,2,35,0,0,26,0,0,0,0,0,1,,,,,,,,,,,,,,,,,,37911,37911,,1829,2459,0,0,,25,57,97338583,308,33,7,5,6172,2,245,6,1,46,86,3,75,1,
VNM,Asia,Vietnam,2021-03-24,2576,1,1,35,0,0,26,0,0,0,0,0,1,,,,,,,,,,,,,,,,,,39817,39817,,1906,2252,0,0,,23,57,97338583,308,33,7,5,6172,2,245,6,1,46,86,3,75,1,
VNM,Asia,Vietnam,2021-03-25,2579,3,1,35,0,0,26,0,0,0,0,0,1,,,,,,,,,,,,,,,,,,42225,42225,,2408,2097,0,0,,22,57,97338583,308,33,7,5,6172,2,245,6,1,46,86,3,75,1,
VNM,Asia,Vietnam,2021-03-26,2586,7,2,35,0,0,27,0,0,0,0,0,1,,,,,,,,,,,,,,,,,,44000,44000,,1775,1861,0,0,,19,57,97338583,308,33,7,5,6172,2,245,6,1,46,86,3,75,1,
VNM,Asia,Vietnam,2021-03-27,2586,0,2,35,0,0,27,0,0,0,0,0,1,,,,,,,,,,,,,,,,,,44278,44278,,278,1702,0,0,,17,57,97338583,308,33,7,5,6172,2,245,6,1,46,86,3,75,1,
VNM,Asia,Vietnam,2021-03-28,2591,5,3,35,0,0,27,0,0,0,0,0,1,,,,,,,,,,,,,,,,,,45140,45140,,862,1607,0,0,,17,57,97338583,308,33,7,5,6172,2,245,6,1,46,86,3,75,1,
VNM,Asia,Vietnam,2021-03-29,2594,3,3,35,0,0,27,0,0,0,0,0,1,,,,,,,,,,,,,,,,,,46416,46416,,1276,1476,0,0,,15,57,97338583,308,33,7,5,6172,2,245,6,1,46,86,3,75,1,
VNM,Asia,Vietnam,2021-03-30,2594,0,3,35,0,0,27,0,0,0,0,0,1,,,,,,,,,,,,,,,,,,48256,48256,,1840,1478,0,0,,15,57,97338583,308,33,7,5,6172,2,245,6,1,46,86,3,75,1,
VNM,Asia,Vietnam,2021-03-31,2603,9,4,35,0,0,27,0,0,0,0,0,1,,,,,,,,,,,,,,,,,,49743,49743,,1487,1418,0,0,,15,57,97338583,308,33,7,5,6172,2,245,6,1,46,86,3,75,1,
VNM,Asia,Vietnam,2021-04-01,2617,14,5,35,0,0,27,0,0,0,0,0,1,,,,,,,,,,,,,,,,,,51216,51216,,1473,1284,0,0,,13,57,97338583,308,33,7,5,6172,2,245,6,1,46,86,3,75,1,
VNM,Asia,Vietnam,2021-04-02,2620,3,5,35,0,0,27,0,0,0,0,0,1,,,,,,,,,,,,,,,,,,52091,52091,,875,1156,0,0,,12,57,97338583,308,33,7,5,6172,2,245,6,1,46,86,3,75,1,
VNM,Asia,Vietnam,2021-04-03,2626,6,6,35,0,0,27,0,0,0,0,0,1,,,,,,,,,,,,,,,,,,52335,52335,,244,1151,0,0,,12,57,97338583,308,33,7,5,6172,2,245,6,1,46,86,3,75,1,
VNM,Asia,Vietnam,2021-04-04,2631,5,6,35,0,0,27,0,0,0,0,0,1,,,,,,,,,,,,,,,,,,52413,52413,,78,1039,0,0,,11,57,97338583,308,33,7,5,6172,2,245,6,1,46,86,3,75,1,
VNM,Asia,Vietnam,2021-04-05,2637,6,6,35,0,0,27,0,0,0,0,0,1,,,,,,,,,,,,,,,,,,52868,52868,,455,922,0,0,,9,57,97338583,308,33,7,5,6172,2,245,6,1,46,86,3,75,1,
VNM,Asia,Vietnam,2021-04-06,2648,11,8,35,0,0,27,0,0,0,0,0,1,,,,,,,,,,,,,,,,,,53953,53953,,1085,814,0,0,,8,57,97338583,308,33,7,5,6172,2,245,6,1,46,86,3,75,1,
VNM,Asia,Vietnam,2021-04-07,2659,11,8,35,0,0,27,0,0,0,0,0,1,,,,,,,,,,,,,,,,,,55151,55151,,1198,773,0,0,,8,57,97338583,308,33,7,5,6172,2,245,6,1,46,86,3,75,1,
VNM,Asia,Vietnam,2021-04-08,2668,9,7,35,0,0,27,0,0,0,0,0,1,,,,,,,,,,,,,,,,,,56359,,,1208,735,0,,,8,57,97338583,308,33,7,5,6172,2,245,6,1,46,86,3,75,1,
VNM,Asia,Vietnam,2021-04-09,2683,15,9,35,0,0,28,0,0,0,0,0,1,,,,,,,,,,,,,,,,,,58037,58037,,1678,849,0,0,,9,57,97338583,308,33,7,5,6172,2,245,6,1,46,86,3,75,1,
VNM,Asia,Vietnam,2021-04-10,2692,9,9,35,0,0,28,0,0,0,0,0,1,,,,,,,,,,,,,,,,,,58248,58248,,211,845,0,0,,9,57,97338583,308,33,7,5,6172,2,245,6,1,46,86,3,75,1,
VNM,Asia,Vietnam,2021-04-11,2693,1,9,35,0,0,28,0,0,0,0,0,1,,,,,,,,,,,,,,,,,,58418,58418,,170,858,0,0,,9,57,97338583,308,33,7,5,6172,2,245,6,1,46,86,3,75,1,
VNM,Asia,Vietnam,2021-04-12,2705,12,10,35,0,0,28,0,0,0,0,0,1,,,,,,,,,,,,,,,,,,59249,59249,,831,912,0,0,,9,57,97338583,308,33,7,5,6172,2,245,6,1,46,86,3,75,1,
VNM,Asia,Vietnam,2021-04-13,2714,9,9,35,0,0,28,0,0,0,0,0,1,,,,,,,,,,,,,,,,,,60139,60139,,890,884,0,0,,9,51,97338583,308,33,7,5,6172,2,245,6,1,46,86,3,75,1,
VNM,Asia,Vietnam,2021-04-14,2733,19,11,35,0,0,28,0,0,0,0,0,1,,,,,,,,,,,,,,,,,,62028,62028,,1889,982,0,0,,10,51,97338583,308,33,7,5,6172,2,245,6,1,46,86,3,75,1,
VNM,Asia,Vietnam,2021-04-15,2758,25,13,35,0,0,28,0,0,0,0,0,1,,,,,,,,,,,,,,,,,,63758,63758,,1730,1057,0,0,,11,51,97338583,308,33,7,5,6172,2,245,6,1,46,86,3,75,1,
VNM,Asia,Vietnam,2021-04-16,2772,14,13,35,0,0,28,0,0,0,0,0,1,,,,,,,,,,,,,,,,,,66366,66366,,2608,1190,0,0,,12,51,97338583,308,33,7,5,6172,2,245,6,1,46,86,3,75,1,
VNM,Asia,Vietnam,2021-04-17,2781,9,13,35,0,0,29,0,0,0,0,0,1,,,,,,,,,,,,,,,,,,67789,67789,,1423,1363,0,0,,14,51,97338583,308,33,7,5,6172,2,245,6,1,46,86,3,75,1,
VNM,Asia,Vietnam,2021-04-18,2785,4,13,35,0,0,29,0,0,0,0,0,1,,,,,,,,,,,,,,,,,,79182,79182,,11393,2966,0,0,,30,51,97338583,308,33,7,5,6172,2,245,6,1,46,86,3,75,1,
VNM,Asia,Vietnam,2021-04-19,2791,6,12,35,0,0,29,0,0,0,0,0,1,,,,,,,,,,,,,,,,,,80857,80857,,1675,3087,0,0,,32,51,97338583,308,33,7,5,6172,2,245,6,1,46,86,3,75,1,
VNM,Asia,Vietnam,2021-04-20,2800,9,12,35,0,0,29,0,0,0,0,0,1,,,,,,,,,,,,,,,,,,106929,106929,,26072,6684,0,0,,69,51,97338583,308,33,7,5,6172,2,245,6,1,46,86,3,75,1,
VNM,Asia,Vietnam,2021-04-21,2812,12,11,35,0,0,29,0,0,0,0,0,1,,,,,,,,,,,,,,,,,,108897,108897,,1968,6696,0,0,,69,51,97338583,308,33,7,5,6172,2,245,6,1,46,86,3,75,1,
VNM,Asia,Vietnam,2021-04-22,2824,12,9,35,0,0,29,0,0,0,0,0,1,,,,,,,,,,,,,,,,,,128610,128610,,19713,9265,0,0,,95,51,97338583,308,33,7,5,6172,2,245,6,1,46,86,3,75,1,
VNM,Asia,Vietnam,2021-04-23,2830,6,8,35,0,0,29,0,0,0,0,0,1,,,,,,,,,,,,,,,,,,176037,176037,,47427,15667,0,0,,161,51,97338583,308,33,7,5,6172,2,245,6,1,46,86,3,75,1,
VNM,Asia,Vietnam,2021-04-24,2833,3,7,35,0,0,29,0,0,0,0,0,1,,,,,,,,,,,,,,,,,,198972,198972,,22935,18740,0,0,,193,51,97338583,308,33,7,5,6172,2,245,6,1,46,86,3,75,1,
VNM,Asia,Vietnam,2021-04-25,2843,10,8,35,0,0,29,0,0,0,0,0,1,,,,,,,,,,,,,,,,,,209632,209632,,10660,18636,0,0,,191,51,97338583,308,33,7,5,6172,2,245,6,1,46,86,3,75,1,
VNM,Asia,Vietnam,2021-04-26,2852,9,9,35,0,0,29,0,0,0,0,0,1,,,,,,,,,,,,,,,,,,259736,259736,,50104,25554,0,0,,263,51,97338583,308,33,7,5,6172,2,245,6,1,46,86,3,75,1,
VNM,Asia,Vietnam,2021-04-27,2857,5,8,35,0,0,29,0,0,0,0,0,1,,,,,,,,,,,,,,,,,,318792,318792,,59056,30266,0,0,,311,70,97338583,308,33,7,5,6172,2,245,6,1,46,86,3,75,1,
VNM,Asia,Vietnam,2021-04-28,2865,8,8,35,0,0,29,0,0,0,0,0,2,,,,,,,,,,2775505,29,,,,,,samples tested,425638,425638,,106846,45249,0,0,,465,70,97338583,308,33,7,5,6172,2,245,6,1,46,86,3,75,1,
VNM,Asia,Vietnam,2021-04-29,2910,45,12,35,0,0,30,0,0,0,0,0,2,,,,,,,,,,,,,,,,,samples tested,506435,506435,,80797,53975,1,1,,555,70,97338583,308,33,7,5,6172,2,245,6,1,46,86,3,75,1,
VNM,Asia,Vietnam,2021-04-30,2928,18,14,35,0,0,30,0,0,0,0,0,2,,,,,,,,,,,,,,,,,samples tested,519262,509855,9407,12827,49032,1,1,0,504,70,97338583,308,33,7,5,6172,2,245,6,1,46,86,3,75,1,
VNM,Asia,Vietnam,2021-05-01,2942,14,16,35,0,0,30,0,0,0,0,0,2,,,,,,,,,,,,,,,,,samples tested,,511435,,,51087,,1,,525,70,97338583,308,33,7,5,6172,2,245,6,1,46,86,3,75,1,
VNM,Asia,Vietnam,2021-05-02,2962,20,17,35,0,0,30,0,0,0,0,0,2,,,,,,,,,,,,,,,,,samples tested,,532247,,,54895,,1,,564,70,97338583,308,33,7,5,6172,2,245,6,1,46,86,3,75,1,
VNM,Asia,Vietnam,2021-05-03,2985,23,19,35,0,0,31,0,0,0,0,0,2,,,,,,,,,,,,,,,,,samples tested,,539062,,,53069,,1,,545,70,97338583,308,33,7,5,6172,2,245,6,1,46,86,3,75,1,
VNM,Asia,Vietnam,2021-05-04,2995,10,20,35,0,0,31,0,0,0,0,0,2,,,,,,,,,,,,,,,,,samples tested,,585539,,,49964,,1,,513,70,97338583,308,33,7,5,6172,2,245,6,1,46,86,3,75,1,
VNM,Asia,Vietnam,2021-05-05,3030,35,24,35,0,0,31,0,0,0,0,0,2,,,,,,,,,,,,,27427,0,0,1164,samples tested,,675956,,,40031,,1,,411,70,97338583,308,33,7,5,6172,2,245,6,1,46,86,3,75,1,
VNM,Asia,Vietnam,2021-05-06,3090,60,26,35,0,0,32,1,0,0,0,0,2,,,,,,,,,,,,,27427,0,0,1067,samples tested,,747827,,,33820,,1,,347,70,97338583,308,33,7,5,6172,2,245,6,1,46,86,3,75,1,
VNM,Asia,Vietnam,2021-05-07,3137,47,30,35,0,0,32,0,0,0,0,0,2,,,,,,,,,,,,,27427,0,0,919,samples tested,,801957,,,37319,,1,,383,70,97338583,308,33,7,5,6172,2,245,6,1,46,86,3,75,1,
VNM,Asia,Vietnam,2021-05-08,3245,108,43,35,0,0,33,1,0,0,0,0,2,,,,,,,,,,,,,27427,0,0,634,samples tested,,832635,,,37319,,1,,383,70,97338583,308,33,7,5,6172,2,245,6,1,46,86,3,75,1,
VNM,Asia,Vietnam,2021-05-09,3412,167,64,35,0,0,35,2,1,0,0,0,2,,,,,,,,,,,,,27427,0,0,427,samples tested,,851513,,,37319,,1,,383,70,97338583,308,33,7,5,6172,2,245,6,1,46,86,3,75,1,
VNM,Asia,Vietnam,2021-05-10,3489,77,72,35,0,0,36,1,1,0,0,0,2,,,,,,,,,,,,,27427,0,0,381,samples tested,892454,,,,37319,1,,,383,70,97338583,308,33,7,5,6172,2,245,6,1,46,86,3,75,1,
VNM,Asia,Vietnam,2021-05-11,3571,82,82,35,0,0,37,1,1,0,0,0,2,,,,,,,,,,,,,27427,0,0,333,samples tested,,887705,,,35529,,1,,365,72,97338583,308,33,7,5,6172,2,245,6,1,46,86,3,75,1,
VNM,Asia,Vietnam,2021-05-12,3658,87,90,35,0,0,38,1,1,0,0,0,2,,,,,,,,,,,,,27427,0,0,306,samples tested,942030,,,,33739,1,,,347,72,97338583,308,33,7,5,6172,2,245,6,1,46,86,3,75,1,
VNM,Asia,Vietnam,2021-05-13,3740,82,93,35,0,0,38,1,1,0,0,0,2,,,,,,,,,,,,,27427,0,0,295,samples tested,959182,,,17152,30858,1,,,317,72,97338583,308,33,7,5,6172,2,245,6,1,46,86,3,75,1,
VNM,Asia,Vietnam,2021-05-14,3816,76,97,35,0,0,39,1,1,0,0,0,2,,,,,,,,,,,,,27427,0,0,283,samples tested,969697,948655,21042,10515,27029,1,1,0,278,72,97338583,308,33,7,5,6172,2,245,6,1,46,86,3,75,1,
VNM,Asia,Vietnam,2021-05-15,4112,296,124,36,1,0,42,3,1,0,0,0,2,,,,,,,,,,,,,27427,0,0,221,samples tested,977032,954520,22512,7335,22745,1,1,0,234,72,97338583,308,33,7,5,6172,2,245,6,1,46,86,3,75,1,
VNM,Asia,Vietnam,2021-05-16,4212,100,114,37,1,0,43,1,1,0,0,0,2,,,,,,,,,,,,,27427,0,0,240,samples tested,979238,956677,22561,2206,17729,1,1,0,182,72,97338583,308,33,7,5,6172,2,245,6,1,46,86,3,75,1,
VNM,Asia,Vietnam,2021-05-17,4359,147,124,37,0,0,45,2,1,0,0,0,2,,,,,,,,,,,,,27427,0,0,221,samples tested,,,,,14695,,,,151,72,97338583,308,33,7,5,6172,2,245,6,1,46,86,3,75,1,
VNM,Asia,Vietnam,2021-05-18,4512,153,134,37,0,0,46,2,1,0,0,0,2,,,,,,,,,,3324043,34,,27427,0,0,204,samples tested,1011395,982543,28852,,13450,1,1,0,138,77,97338583,308,33,7,5,6172,2,245,6,1,46,86,3,75,1,
VNM,Asia,Vietnam,2021-05-19,4720,208,152,37,0,0,48,2,2,0,0,0,2,,,,,,,,,,,,,34182,0,0,225,samples tested,,,,,10490,,,,108,77,97338583,308,33,7,5,6172,2,245,6,1,46,86,3,75,1,
VNM,Asia,Vietnam,2021-05-20,4809,89,153,39,2,1,49,1,2,0,0,0,2,,,,,,,,,,,,,40936,0,0,268,samples tested,,,,,8621,,,,89,77,97338583,308,33,7,5,6172,2,245,6,1,46,86,3,75,1,
VNM,Asia,Vietnam,2021-05-21,4941,132,161,41,2,1,51,1,2,0,0,0,2,,,,,,,,,,3548172,36,,47691,0,0,297,samples tested,,,,,7699,,,,79,77,97338583,308,33,7,5,6172,2,245,6,1,46,86,3,75,1,
VNM,Asia,Vietnam,2021-05-22,5119,178,144,42,1,1,53,2,1,0,0,0,1,,,,,,,,,44757,3592929,37,0,50167,1,0,349,samples tested,1027659,998698,28961,,7232,1,1,0,74,77,97338583,308,33,7,5,6172,2,245,6,1,46,86,3,75,1,
VNM,Asia,Vietnam,2021-05-23,5275,156,152,43,1,1,54,2,2,0,0,0,1,,,,,,,,,37654,3630583,37,0,51628,1,0,340,samples tested,,,,,7175,,,,74,77,97338583,308,33,7,5,6172,2,245,6,1,46,86,3,75,1,
VNM,Asia,Vietnam,2021-05-24,5404,129,149,44,1,1,56,1,2,0,0,0,1,,,,,,,,,35933,3666516,38,0,52843,1,0,354,samples tested,,,,,5135,,,,53,77,97338583,308,33,7,5,6172,2,245,6,1,46,86,3,75,1,
VNM,Asia,Vietnam,2021-05-25,5931,527,203,44,0,1,61,5,2,0,0,0,1,,,,,,,,,77461,3743977,38,1,59991,1,0,296,samples tested,,,,,3096,,,,32,77,97338583,308,33,7,5,6172,2,245,6,1,46,86,3,75,1,
VNM,Asia,Vietnam,2021-05-26,6086,155,195,45,1,1,63,2,2,0,0,0,1,,,,,,,,,53743,3797720,39,1,56995,1,0,292,samples tested,1034867,1005906,28961,,2772,1,1,0,28,77,97338583,308,33,7,5,6172,2,245,6,1,46,86,3,75,1,
VNM,Asia,Vietnam,2021-05-27,6356,270,221,46,1,1,65,3,2,0,0,0,1,,,,,,,,,,,,,55728,1,0,252,samples tested,,,,,4112,,,,42,77,97338583,308,33,7,5,6172,2,245,6,1,46,86,3,75,1,
VNM,Asia,Vietnam,2021-05-28,6396,40,208,47,1,1,66,0,2,0,0,0,1,,,,,,,,,,3929395,40,,54460,1,0,262,samples tested,,,,,5452,,,,56,77,97338583,308,33,7,5,6172,2,245,6,1,46,86,3,75,1,
VNM,Asia,Vietnam,2021-05-29,6908,512,256,47,0,1,71,5,3,0,0,0,1,,,,,,,,,53211,3982606,41,1,55668,1,0,218,samples tested,,,,,6792,,,,70,77,97338583,308,33,7,5,6172,2,245,6,1,46,86,3,75,1,
VNM,Asia,Vietnam,2021-05-30,7107,199,262,47,0,1,73,2,3,0,0,0,1,,,,,,,,,72199,4054805,42,1,60603,1,0,232,samples tested,,,,,8456,,,,87,77,97338583,308,33,7,5,6172,2,245,6,1,46,86,3,75,1,
VNM,Asia,Vietnam,2021-05-31,7432,325,290,47,0,0,76,3,3,0,0,0,1,,,,,,,,,,,,,62668,1,0,216,samples tested,1102099,1071497,30602,,10119,1,1,0,104,77,97338583,308,33,7,5,6172,2,245,6,1,46,86,3,75,1,
VNM,Asia,Vietnam,2021-06-01,7625,193,242,48,1,1,78,2,2,0,0,0,1,,,,,,,,,,,,,58800,1,0,243,samples tested,,,,,10434,,,,107,77,97338583,308,33,7,5,6172,2,245,6,1,46,86,3,75,1,
VNM,Asia,Vietnam,2021-06-02,7870,245,255,49,1,1,81,3,3,1,0,0,1,,,,,,,,,,4205967,43,,58321,1,0,229,samples tested,1110111,1078934,31177,,10749,1,1,0,110,77,97338583,308,33,7,5,6172,2,245,6,1,46,86,3,75,1,
VNM,Asia,Vietnam,2021-06-03,8063,193,244,49,0,0,83,2,3,1,0,0,1,,,,,,,,,51066,4257033,44,1,56211,1,0,230,samples tested,1156056,1124505,31551,45945,15392,1,1,0,158,77,97338583,308,33,7,5,6172,2,245,6,1,46,86,3,75,1,
VNM,Asia,Vietnam,2021-06-04,8364,301,281,51,2,1,86,3,3,1,0,0,1,,,,,,,,,43003,4300036,44,0,52949,1,0,188,samples tested,1217607,1185206,32401,61551,22264,1,1,0,229,77,97338583,308,33,7,5,6172,2,245,6,1,46,86,3,75,1,
VNM,Asia,Vietnam,2021-06-05,8580,216,239,53,2,1,88,2,2,1,0,0,1,,,,,,,,,,,,,53106,1,0,222,samples tested,1243304,1209672,33632,25697,24014,1,1,0,247,77,97338583,308,33,7,5,6172,2,245,6,1,46,86,3,75,1,
VNM,Asia,Vietnam,2021-06-06,8791,211,241,53,0,1,90,2,2,1,0,0,1,,,,,,,,,,4408663,45,,50551,1,0,210,samples tested,1248559,1214916,33643,5255,22844,1,1,0,235,77,97338583,308,33,7,5,6172,2,245,6,1,46,86,3,75,1,
VNM,Asia,Vietnam,2021-06-07,9027,236,228,53,0,1,93,2,2,1,0,0,1,,,,,,,,,68923,4477586,46,1,53199,1,0,234,samples tested,1340098,1301932,38166,91539,34000,1,1,0,349,77,97338583,308,33,7,5,6172,2,245,6,1,46,86,3,75,1,
VNM,Asia,Vietnam,2021-06-08,9222,195,228,55,2,1,95,2,2,1,0,0,1,,,,,,,,,42290,4519876,46,0,52042,1,0,228,samples tested,1354856,1312741,42115,14758,35536,1,1,0,365,77,97338583,308,33,7,5,6172,2,245,6,1,46,86,3,75,1,
VNM,Asia,Vietnam,2021-06-09,9635,413,252,55,0,1,99,4,3,1,0,0,1,,,,,,,,,62370,4582246,47,1,53754,1,0,213,samples tested,1389887,1342708,47179,35031,39968,1,1,0,411,77,97338583,308,33,7,5,6172,2,245,6,1,46,86,3,75,1,
VNM,Asia,Vietnam,2021-06-10,9835,200,253,55,0,1,101,2,3,1,0,0,1,,,,,,,,,43798,4626044,48,0,52716,1,0,208,samples tested,1411548,1361525,50023,21661,36499,1,1,0,375,77,97338583,308,33,7,5,6172,2,245,6,1,46,86,3,75,1,
VNM,Asia,Vietnam,2021-06-11,10048,213,241,57,2,1,103,2,2,1,0,0,1,,,,,,,,,70977,4697021,48,1,56712,1,0,236,samples tested,1445723,1392596,53127,34175,32588,1,1,0,335,77,97338583,308,33,7,5,6172,2,245,6,1,46,86,3,75,1,
VNM,Asia,Vietnam,2021-06-12,10337,289,251,58,1,1,106,3,3,1,0,0,1,,,,,,,,,69511,4766532,49,1,58883,1,0,235,samples tested,1454221,1399836,54385,8498,30131,1,1,0,310,77,97338583,308,33,7,5,6172,2,245,6,1,46,86,3,75,1,
VNM,Asia,Vietnam,2021-06-13,10630,293,263,59,1,1,109,3,3,1,0,0,1,,,,,,,,,70741,4837273,50,1,61230,1,0,233,samples tested,1498323,1443058,55265,44102,35681,2,1,0,367,77,97338583,308,33,7,5,6172,2,245,6,1,46,86,3,75,1,
VNM,Asia,Vietnam,2021-06-14,10881,251,265,59,0,1,112,3,3,1,0,0,1,,,,,,,,,69477,4906750,50,1,61309,1,0,232,samples tested,1552651,1493043,59608,54328,30365,2,2,0,312,77,97338583,308,33,7,5,6172,2,245,6,1,46,86,3,75,1,
VNM,Asia,Vietnam,2021-06-15,11304,423,297,61,2,1,116,4,3,1,0,0,1,,,,,,,,,77438,4984188,51,1,66330,1,0,223,samples tested,1648072,1584436,63636,95421,41888,2,2,0,430,77,97338583,308,33,7,5,6172,2,245,6,1,46,86,3,75,1,
VNM,Asia,Vietnam,2021-06-16,11794,490,308,61,0,1,121,5,3,1,0,0,1,,,,,,,,,59363,5043551,52,1,65901,1,0,214,samples tested,1773297,1700972,72325,125225,54773,2,2,0,563,77,97338583,308,33,7,5,6172,2,245,6,1,46,86,3,75,1,
VNM,Asia,Vietnam,2021-06-17,12150,356,331,61,0,1,125,4,3,1,0,0,1,,,,,,,,,,,,,,,,,,1991059,1901226,89833,217762,82787,2,2,0,851,77,97338583,308,33,7,5,6172,2,245,6,1,46,86,3,75,1,
VNM,Asia,Vietnam,2021-06-18,12508,358,351,62,1,1,128,4,4,1,0,0,1,,,,,,,,,,,,,,,,,,2233208,2127352,105856,242149,112498,2,2,0,1156,77,97338583,308,33,7,5,6172,2,245,6,1,46,86,3,75,1,
VNM,Asia,Vietnam,2021-06-19,12978,470,377,64,2,1,133,5,4,1,0,0,1,,,,,,,,,,,,,,,,,,2359376,2244061,115315,126168,129308,2,2,0,1328,77,97338583,308,33,7,5,6172,2,245,6,1,46,86,3,75,1,
VNM,Asia,Vietnam,2021-06-20,13258,280,375,66,2,1,136,3,4,1,0,0,1,,,,,,,,,,,,,,,,,,2422643,2300960,121683,63267,132046,2,2,0,1357,77,97338583,308,33,7,5,6172,2,245,6,1,46,86,3,75,1,
VNM,Asia,Vietnam,2021-06-21,13530,272,378,69,3,1,139,3,4,1,0,0,1,,,,,,,,,,,,,,,,,,,,,,134750,,,,1384,77,97338583,308,33,7,5,6172,2,245,6,1,46,86,3,75,1,
VNM,Asia,Vietnam,2021-06-22,13782,252,354,69,0,1,142,3,4,1,0,0,1,,,,,,,,,,,,,,,,,,2569156,2435313,133843,,131583,3,2,0,1352,,97338583,308,33,7,5,6172,2,245,6,1,46,86,3,75,1,
VNM,Asia,Vietnam,2021-06-23,13989,207,314,70,1,1,144,2,3,1,0,0,,,,,,,,,,,,,,,,,,,2626337,2488655,137682,57181,121863,3,3,0,1252,,97338583,308,33,7,5,6172,2,245,6,1,46,86,3,75,1,
VNM,Asia,Vietnam,2021-06-24,14323,334,310,72,2,2,147,3,3,1,0,0,,,,,,,,,,,,,,,,,,,2920248,2777127,143121,293911,132741,3,3,0,1364,,97338583,308,33,7,5,6172,2,245,6,1,46,86,3,75,1,
VNM,Asia,Vietnam,2021-06-25,14537,214,290,74,2,2,149,2,3,1,0,0,,,,,,,,,,,,,,,,,,,3087580,2937264,150316,167332,122053,3,3,0,1254,,97338583,308,33,7,5,6172,2,245,6,1,46,86,3,75,1,
VNM,Asia,Vietnam,2021-06-26,15325,788,335,74,0,1,157,8,3,1,0,0,,,,,,,,,,,,,,,,,,,3299232,3143744,155488,211652,134265,3,3,0,1379,,97338583,308,33,7,5,6172,2,245,6,1,46,86,3,75,1,
VNM,Asia,Vietnam,2021-06-27,15740,415,355,76,2,1,162,4,4,1,0,0,,,,,,,,,,,,,,,,,,,3386607,3229471,157136,87375,137709,3,3,0,1415,,97338583,308,33,7,5,6172,2,245,6,1,46,86,3,75,1,
VNM,Asia,Vietnam,2021-06-28,16136,396,372,78,2,1,166,4,4,1,0,0,,,,,,,,,,,,,,,,,,,3497104,3324110,172994,110497,143029,4,3,0,1469,,97338583,308,33,7,5,6172,2,245,6,1,46,86,3,75,1,
VNM,Asia,Vietnam,2021-06-29,16507,371,389,80,2,2,170,4,4,1,0,0,,,,,,,,,,,,,,,,,,,,,,,,,,,,,97338583,308,33,7,5,6172,2,245,6,1,46,86,3,75,1,
